Depart Taxi,Hover Climb,Transition Climb,Depart Procedures,Accelerate Climb,Cruise,Decelerate Descend,Arrive Procedures,Transition Descend,Hover Descend,Arrive Taxi,Reserve Hover Climb,Reserve Transition Climb,Reserve Accelerate Climb,Reserve Cruise,Reserve Decelerate Descend,Reserve Transition Descend,Reserve Hover Descend
0.3761762440087147,85.06053821350763,433.2391050210597,106.0105984676634,146.3935856223919,167.8858559385582,52.526216402759346,106.0105984676634,17.81485837656359,71.54450649237474,0.3761762440087147,85.06053821350763,433.2391050210597,375.58808556097887,167.8858559385582,37.79269194104146,17.600383866759675,71.54450649237474
