Depart Taxi,Hover Climb,Transition Climb,Depart Procedures,Accelerate Climb,Cruise,Decelerate Descend,Arrive Procedures,Transition Descend,Hover Descend,Arrive Taxi,Reserve Hover Climb,Reserve Transition Climb,Reserve Accelerate Climb,Reserve Cruise,Reserve Decelerate Descend,Reserve Transition Descend,Reserve Hover Descend
0.5242056644880175,556.066847785297,372.85757265760765,130.55118887472932,166.9444529020479,297.28075062798564,101.35762011337697,130.55118887472932,25.239969171768905,546.6494795935758,0.5242056644880175,556.066847785297,372.85757265760765,326.84821056725747,297.28075062798564,12.738399670198543,25.95157047895844,546.6494795935758
