Depart Taxi,Hover Climb,Transition Climb,Depart Procedures,Accelerate Climb,Cruise,Decelerate Descend,Arrive Procedures,Transition Descend,Hover Descend,Arrive Taxi,Reserve Hover Climb,Reserve Transition Climb,Reserve Accelerate Climb,Reserve Cruise,Reserve Decelerate Descend,Reserve Transition Descend,Reserve Hover Descend
0.500733769063181,113.22534204793027,516.7600680708582,120.75710079428589,187.8228721982422,264.8783882099959,62.87462698076125,120.75710079428589,36.29911506416951,95.23395206971678,0.500733769063181,113.22534204793027,516.7600680708582,492.9070651281416,264.8783882099959,51.78560937979177,36.013624868091206,95.23395206971678
