Depart Taxi,Hover Climb,Transition Climb,Depart Procedures,Accelerate Climb,Cruise,Decelerate Descend,Arrive Procedures,Transition Descend,Hover Descend,Arrive Taxi,Reserve Hover Climb,Reserve Transition Climb,Reserve Accelerate Climb,Reserve Cruise,Reserve Decelerate Descend,Reserve Transition Descend,Reserve Hover Descend
0.3761762440087147,81.6815302832244,308.5549545929395,106.35345035653224,123.43681470638053,168.8599932342172,76.37092037086857,106.35345035653224,59.10041167354965,74.92351442265796,0.3761762440087147,81.6815302832244,308.5549545929395,238.1856605055339,168.8599932342172,8.377776496802532,59.61106526832087,74.92351442265796
